{
  "a7347953-87f5-49da-b291-da2e2c0db05e" : {
    "text" : "[\n  {\n    \"company\": \"OpenAI\",\n    \"model\": \"GPT-4o\",\n    \"context_window_size\": 128000\n  },\n  {\n    \"company\": \"OpenAI\",\n    \"model\": \"o1-preview\",\n    \"context_window_size\": 128000\n  },\n  {\n    \"company\": \"Anthropic\",\n    \"model\": \"Claude Opus 4\",\n    \"context_window_size\": 200000\n  },\n  {\n    \"company\": \"Anthropic\",\n    \"model\": \"Claude Sonnet 4\",\n    \"context_window_size\": 200000\n  },\n  {\n    \"company\": \"Google\",\n    \"model\": \"Gemini 2.5 Pro\",\n    \"context_window_size\": 1000000\n  },\n  {\n    \"company\": \"Google\",\n    \"model\": \"Gemini 2.0 Pro (Exp.)\",\n    \"context_window_size\": 2000000\n  },\n  {\n    \"company\": \"Google\",\n    \"model\": \"Gemini 2.0 Flash\",\n    \"context_window_size\": 1000000\n  },\n  {\n    \"company\": \"Meta AI\",\n    \"model\": \"Llama 3.1 405B\",\n    \"context_window_size\": 128000\n  },\n  {\n    \"company\": \"xAI\",\n    \"model\": \"Grok 3\",\n    \"context_window_size\": 1000000\n  },\n  {\n    \"company\": \"Mistral AI\",\n    \"model\": \"Mistral Large 2\",\n    \"context_window_size\": 128000\n  },\n  {\n    \"company\": \"Alibaba Cloud\",\n    \"model\": \"Qwen 2.5 72B\",\n    \"context_window_size\": 128000\n  },\n  {\n    \"company\": \"DeepSeek\",\n    \"model\": \"DeepSeek R1\",\n    \"context_window_size\": 128000\n  }",
    "embedding" : [ -0.0051166634, -0.028496863, 0.0074987253, -0.006522048, -0.0069477493, -0.022187905, -0.015446103, 0.013314386, 0.05575088, 0.048540365, 0.022403253, 0.016085036, 0.0132622905, -0.02186223, -0.017158898, 0.036977295, -0.030260418, -0.018817134, -0.028663099, -4.8698968E-4, 0.0213792, 0.03257585, -0.10361462, -0.020422772, 0.0033572065, 0.04272477, 0.015658723, 0.029412959, 0.06158802, 0.006342985, -0.036807496, -0.014606368, -0.0042693573, -0.040666763, -0.017552776, -0.031259518, 0.038917482, -0.016440045, -0.0384861, -0.067820184, 0.022179179, -0.070317775, 0.029405218, -0.06470593, -0.030490663, -0.030953579, -0.0116559435, -0.026076458, 0.002101021, -0.033286102, -0.009348692, 1.2389803E-4, 0.04655505, 0.00325128, -0.0143029345, -0.013480594, -0.022636643, 0.0063462774, -0.02786218, 0.030558622, 0.020492742, 0.03270572, -0.0015371629, -0.052549616, -0.0030909125, 0.03837618, 0.02930636, 0.018897451, 0.023802513, -0.0017355023, -0.043948837, 0.058140513, -0.009530134, -0.0449454, -0.024516229, -0.004273927, 0.01550951, 0.008960748, -0.012615816, 0.056237932, 0.010130905, 0.058372345, -0.0077531794, 0.012225062, -0.027883029, -0.05748676, 0.015022818, -0.02188228, -0.002674898, -0.011823891, 0.0016938705, 0.027401688, 0.0068631573, -0.0052453983, -0.007865986, 0.011538143, 0.0013668721, 0.017519923, -0.024527032, 0.023860095, 0.0198957, 0.040995404, 0.0020984227, 0.03015551, -0.012986608, 0.016308462, 0.011982758, 0.005857899, -0.040464915, -0.07194707, 0.018735666, 0.016604602, -0.0018689622, -0.023737973, 0.014038336, 0.02002493, -0.03651913, 0.020969061, -0.020886255, -0.007986491, -0.030427335, -0.0073905187, 0.035419974, -0.052324038, -0.0117414165, -0.033729643, -0.010194654, 0.053078286, -0.031395987, -0.020215541, -0.0024749322, -0.011569281, 0.019703792, -0.0050661094, -0.0033612913, -0.009878089, 0.0069607664, -0.0029886437, 0.0356907, -0.03588383, 0.023586227, -0.030301787, -0.016908478, 0.11314338, -0.015918795, 0.06919762, -0.0026670038, -0.0045081815, -0.02392983, -0.008284899, -0.014207021, 0.02426584, -0.010310677, 0.040619534, -0.02733805, 0.0054016947, -0.031246217, 0.0024076924, 0.04526497, 0.0014658754, 0.023153843, 0.026372835, -0.045314375, 0.05195377, -0.016525459, 0.06546167, -0.050924666, -0.01501581, 0.0293199, -0.021017281, 0.010529094, -0.00108297, -0.03083885, 0.026616884, 0.015299837, 0.02991648, 0.024232976, -0.0029680643, 0.040502027, 0.005794761, -0.0068906187, -0.0014867866, -0.026880521, 0.018382885, 0.018885078, 0.011888424, -0.022279259, -0.02209393, -0.039206956, -0.03264664, 0.036239997, 0.02193435, -0.023268307, 0.020521563, -0.00999337, -0.0034092884, -0.0650672, -0.014296729, -0.01240899, -0.074130915, -0.009425474, 0.019867718, -0.012962766, 0.005774291, 0.023089582, -0.009861784, 0.026449207, 0.065015905, -0.046719857, -0.006245523, 0.039091818, 0.04132408, -0.019001868, -0.008117347, 0.047313496, -7.8012096E-4, -0.031039651, 0.021519285, 2.4214765E-4, 0.026596377, 0.017084671, 0.07207836, 0.0119726, 0.018623225, -0.03677673, 0.022763219, 0.020135209, 0.033187054, 0.014401344, 0.009310841, 0.0011912833, 0.045393758, -0.025945693, 0.060754538, 0.022206638, 0.032124348, 0.048691094, 0.039042935, 0.006032659, 0.021877954, -0.01750439, 0.0130331945, 0.00970189, 0.014238979, 0.055649545, 0.011472241, -0.0043076295, -0.012257993, -0.03948597, 0.070741944, -0.012045866, 0.05130312, 0.019180475, 0.004135816, -0.066615015, -0.04422879, 0.010304922, 0.046240762, -0.018975856, -0.047512308, -0.008236368, -2.1776612E-4, -0.008985305, -0.013185991, 0.008637596, 0.017341394, 0.012860479, -0.020973386, 0.0063895723, -0.031798843, -0.051685773, -0.043367025, -0.075967595, -0.0040749907, -0.034261845, -0.0056434833, 0.050931748, -0.04883927, 0.016957566, -0.008803523, -0.0010452906, 0.0067861574, -0.026828352, 0.008539293, 0.018288787, 0.0392971, -0.019289523, 0.02899753, -0.018996125, 0.029169444, -0.020708464, -0.0074863364, -0.019878568, -0.047376458, 0.014904304, -0.006604232, -0.011932473, 0.0411356, -0.013961586, -0.031037057, -0.047185965, -0.027630275, -0.026884533, -0.015170783, -0.028917471, 0.039231285, 0.022131862, -0.007795065, 0.0406721, 0.042917173, -0.04781177, 0.036782846, 0.013173357, 0.04039541, -0.041579187, 0.06459228, 0.015724242, 0.016483482, -0.040275887, -0.02466272, -0.043997515, -0.03190658, -0.001912077, -0.014345572, 0.01210012, 0.04275875, 0.0136105735, -0.085793704, 0.030834036, -0.01680393, -0.04189361, -0.05681423, -0.022134177, 0.014325874, 0.027630052, 0.03186603, -0.0061188326, -0.041860368, -0.0112427445, 0.031583812, 0.029589739, -0.022551518, 3.8625277E-4, 0.05183544, -0.03437125, 0.018733194, 0.024003215, -0.022277476, 0.0074779885, 0.008554746, -0.011379347, 0.004122885, 0.013156073, 0.017959666, 0.023645101, -1.5959052E-4, -0.05107733, 0.030757714, -0.013817647, 0.004832914, 0.021715946, 0.018352896, 0.0250619, 0.02952336, 0.013922623, -0.050792854, 0.013646119, 0.02884531, 0.013892434, -0.066687115, 0.022653747, -0.0022479165, -0.024724789, 0.001424074, -0.010210658, -0.0025386973, 0.054665137, -0.0028509158, 0.0123713, -0.026402265, 0.018947965, 0.0025518895, -0.018409532, 0.034568824, -0.0072668153, 0.05142005, -0.011225657, -0.012916134, -0.020859212, -0.029186763, -0.018622264, 0.0046150605, 0.0053992085, -0.014029728, -0.042107027, -0.06050903, 0.0424164, 0.043611597, 0.037039623, -0.017473636, 0.025714122, -0.0031467166, 0.035578623, 0.026917746, -0.009919142, -0.009854695, -0.020381423, 0.04154865, -2.3221217E-4, 0.007530128, -0.062482346, -0.019834043, -0.054605864, 0.025710823, -0.016699607, 0.02867138, -0.06174915, -0.01211827, -0.024009302, 0.009300204, 0.021702306, -0.016966758, -0.051533688, 0.012537154, 0.04919583, 0.005449507, -0.022963863, -0.03879322, 0.020566206, 0.028858824, -0.0190263, -0.019367594, -0.0372867, -0.012638808, -0.025134286, 0.069058195, 0.019703874, -5.514712E-4, 0.03482144, -0.0326899, 0.034851536, 0.032192662, -0.0137865795, 0.0021879452, 0.0165997, -0.011978329, 0.036551677, 0.012794547, 0.0035856063, -0.026361601, 0.019906448, -0.021564724, 0.011271753, -0.029131133, -0.045349777, -0.018365351, -0.0012551266, 0.038935572, 0.026714982, 0.020654399, -0.003732367, 0.0031391496, -0.009032723, -0.027325159, -0.04627027, 0.04117387, 0.016744314, -8.236871E-4, 0.038071238, -0.0067971977, -0.009846032, 0.041230444, 0.023166385, -0.025017291, -1.4059902E-4, -0.054183353, 0.033294905, -0.03247987, -0.028860755, -0.02261711, -0.032054223, 0.052659377, 0.029615343, -0.012705261, 0.017374044, -0.03504357, -0.012408325, 